address,city,state,lat,lon,geocoded_at
,BIRMINGHAM,AL,33.503876,-86.751930,2026-09-09 16:23:24
,TEMPE,AZ,33.425512,-111.940016,2026-09-09 16:34:59
,ATWATER,CA,37.347717,-120.609084,2026-09-09 16:35:08
,BELL,CA,33.974781,-118.186636,2026-09-09 16:37:29
,BUENA PARK,CA,33.870413,-117.996217,2026-09-09 16:35:18
,FORTUNA,CA,40.600269,-124.167832,2026-09-09 16:23:45
,FRESNO,CA,36.739442,-119.784830,2026-09-09 16:35:01
,HILMAR,CA,37.408548,-120.850203,2026-09-09 16:35:07
,LEMOORE,CA,36.300649,-119.782712,2026-09-09 16:35:12
,MODESTO,CA,37.639342,-120.996889,2026-09-09 16:35:14
,NEWMAN,CA,37.313949,-121.020422,2026-09-09 16:35:15
,RANCHO CUCAMONGA,CA,34.103319,-117.575173,2026-09-09 16:37:30
,SAN LORENZO,CA,37.673589,-122.131857,2026-09-09 16:37:34
,SOUTHGATE,CA,37.433329,-122.151212,2026-09-09 16:35:17
,TIPTON,CA,36.058860,-119.312945,2026-09-09 16:35:02
,TRACY,CA,37.738551,-121.420139,2026-09-09 16:35:13
,TULARE,CA,36.251647,-118.852583,2026-09-09 16:37:33
,TURLOCK,CA,37.494265,-120.846579,2026-09-09 16:24:10
,VISALIA,CA,36.330228,-119.292058,2026-09-09 16:35:04
,WILLOWS,CA,39.523328,-122.193531,2026-09-09 16:37:31
,FT. MORGAN,CO,40.250258,-103.799951,2026-09-09 16:35:21
,GREELEY,CO,40.423314,-104.709132,2026-09-09 16:24:13
,NEW BRITAIN,CT,41.661210,-72.779542,2026-09-09 16:24:15
,MIRAMAR,FL,25.987314,-80.232271,2026-09-09 16:31:25
,STONE MOUNTAIN,GA,33.806217,-84.145751,2026-09-09 16:31:27
,Des Moines,IA,41.586865,-93.624949,2026-09-09 16:48:12
,Donahue,IA,41.694707,-90.675360,2026-09-09 16:48:13
,HULL,IA,43.189763,-96.133882,2026-09-09 16:24:37
,INDEPENDENCE,IA,42.468566,-91.889119,2026-09-09 16:35:23
,LUANA,IA,43.060260,-91.454029,2026-09-09 16:35:21
,SANBORN,IA,43.181631,-95.655865,2026-09-09 16:24:39
,BLACKFOOT,ID,43.190039,-112.348357,2026-09-09 16:24:20
,Boise,ID,43.616616,-116.200886,2026-09-09 16:54:13
,Buhl,ID,42.599071,-114.759495,2026-09-09 16:54:06
,Burley,ID,42.535743,-113.792794,2026-09-09 16:54:15
,Caldwell,ID,43.667874,-116.689415,2026-09-09 16:54:05
,Gooding,ID,43.003104,-114.828692,2026-09-09 16:53:57
,Heyburn,ID,42.558520,-113.763904,2026-09-09 16:54:08
,Idaho Falls,ID,43.488791,-112.036280,2026-09-09 16:54:13
,Jerome,ID,42.702266,-114.286704,2026-09-09 16:54:13
,MOUNTAIN HOME,ID,43.131894,-115.693983,2026-09-09 16:31:29
,Nampa,ID,43.578038,-116.561689,2026-09-09 16:54:12
,Richfield,ID,43.053080,-114.152466,2026-09-09 16:54:06
,Rupert,ID,42.619076,-113.677234,2026-09-09 16:53:59
,Twin Falls,ID,42.555854,-114.470068,2026-09-09 16:54:00
,CHICAGO,IL,41.875562,-87.624421,2026-09-09 16:24:34
,KENT,IL,42.308628,-89.902067,2026-09-09 16:24:33
,LENA,IL,42.380497,-89.822078,2026-09-09 16:24:31
,STOCKTON,IL,42.349736,-90.006792,2026-09-09 16:24:30
,MIDDLEBURY,IN,41.675071,-85.706026,2026-09-09 16:24:36
,DODGE CITY,KS,39.188927,-94.684238,2026-09-09 16:24:51
,GARDEN CITY,KS,39.188927,-94.684238,2026-09-09 16:24:54
,HUGOTON,KS,37.175303,-101.349602,2026-09-09 16:35:25
,Syracuse,KS,37.980569,-101.752671,2026-09-09 16:54:51
,GLASGOW,KY,36.995906,-85.912484,2026-09-09 16:35:26
,PADUCAH,KY,37.083389,-88.600048,2026-09-09 16:35:28
,W. SPRINGFIELD,MA,42.106782,-72.616660,2026-09-09 16:25:06
,LAUREL,MD,39.102472,-76.841199,2026-09-09 16:25:03
,ALLENDALE,MI,42.990321,-85.952968,2026-09-09 16:35:38
,Benton Harbor,MI,42.116706,-86.454189,2026-09-09 16:54:24
,CASS CITY,MI,43.600852,-83.174669,2026-09-09 16:35:29
,CONSTANTINE,MI,41.841160,-85.668603,2026-09-09 16:35:39
,COOPERSVILLE,MI,43.063078,-85.927240,2026-09-09 16:25:13
,Carleton,MI,42.059210,-83.390766,2026-09-09 16:54:15
,Detroit,MI,42.331551,-83.046640,2026-09-09 16:54:29
,East Lansing,MI,42.732031,-84.472168,2026-09-09 16:54:23
,GRAND RAPIDS,MI,42.963242,-85.667864,2026-09-09 16:31:30
,GREENVILLE,MI,43.177531,-85.252799,2026-09-09 16:35:36
,Holland,MI,42.787602,-86.109083,2026-09-09 16:54:18
,Northville,MI,42.431082,-83.483234,2026-09-09 16:54:16
,Norton Shores,MI,43.168904,-86.263946,2026-09-09 16:54:20
,OVID,MI,43.005840,-84.371470,2026-09-09 16:35:41
,Port Hope,MI,43.940845,-82.712712,2026-09-09 16:54:25
,ST. JOHNS,MI,43.000928,-84.558510,2026-09-09 16:35:42
,Suttons Bay,MI,44.976382,-85.651143,2026-09-09 16:54:21
,Whittemore,MI,44.233630,-83.803042,2026-09-09 16:54:28
,Aitkin,MN,46.571482,-93.384760,2026-09-09 16:49:13
,Albany,MN,45.629965,-94.570005,2026-09-09 16:48:55
,Albert Lea,MN,43.648013,-93.368266,2026-09-09 16:48:18
,Alexandria,MN,45.883510,-95.374501,2026-09-09 16:49:51
,Altura,MN,44.071630,-91.939602,2026-09-09 16:48:30
,Arden Hills,MN,45.076141,-93.166695,2026-09-09 16:48:57
,BYRON,MN,44.032592,-92.645439,2026-09-09 16:31:36
,Belle Plaine,MN,44.622741,-93.768573,2026-09-09 16:48:25
,Brandon,MN,45.965163,-95.598738,2026-09-09 16:49:11
,Brooten,MN,45.501075,-95.124467,2026-09-09 16:49:43
,Burnsville,MN,44.767057,-93.277389,2026-09-09 16:49:42
,CALEDONIA,MN,43.635047,-91.496387,2026-09-09 16:35:48
,Cannon Falls,MN,44.506844,-92.906217,2026-09-09 16:48:28
,Center City,MN,45.391789,-92.816201,2026-09-09 16:48:41
,Chatfield,MN,43.844630,-92.188091,2026-09-09 16:48:50
,Columbia Heights,MN,45.046046,-93.251780,2026-09-09 16:49:00
,DALBO,MN,45.658852,-93.398841,2026-09-09 16:31:35
,Duluth,MN,46.783829,-92.105268,2026-09-09 16:49:44
,Eden Prairie,MN,44.854686,-93.470786,2026-09-09 16:49:06
,Eden Valley,MN,45.326074,-94.546107,2026-09-09 16:48:33
,Elgin,MN,44.130243,-92.251559,2026-09-09 16:49:17
,FARIBAULT,MN,43.664796,-93.951050,2026-09-09 16:35:53
,Farmington,MN,44.640243,-93.143550,2026-09-09 16:48:51
,Forest Lake,MN,45.279106,-92.985163,2026-09-09 16:48:21
,Fosston,MN,47.576348,-95.751415,2026-09-09 16:48:45
,Golden Valley,MN,44.986118,-93.378462,2026-09-09 16:49:09
,Grand Marais,MN,47.750467,-90.334675,2026-09-09 16:49:03
,Grand Rapids,MN,47.237166,-93.530214,2026-09-09 16:48:24
,HOPE,MN,43.961906,-93.276044,2026-09-09 16:35:51
,Heron Lake,MN,43.794959,-95.320276,2026-09-09 16:48:34
,Hopkins,MN,44.924399,-93.411449,2026-09-09 16:49:53
,Kimball,MN,45.312481,-94.300266,2026-09-09 16:49:15
,LE SUEUR,MN,44.377165,-93.711443,2026-09-09 16:35:44
,LESUEUR,MN,44.461235,-93.915430,manual: USDA spells Le Sueur MN as LESUEUR
,LITCHFIELD,MN,45.127185,-94.528047,2026-09-09 16:37:36
,Mankato,MN,44.165853,-94.002801,2026-09-09 16:48:17
,Maplewood,MN,45.008222,-93.045699,2026-09-09 16:48:45
,Marshall,MN,48.360534,-96.381968,2026-09-09 16:49:44
,Melrose,MN,45.674684,-94.807559,2026-09-09 16:49:18
,Menahga,MN,46.753948,-95.097700,2026-09-09 16:49:52
,Minneapolis,MN,44.977300,-93.265469,2026-09-09 16:49:53
,Mounds View,MN,45.106895,-93.207593,2026-09-09 16:48:22
,Mountain Lake,MN,43.939300,-94.930922,2026-09-09 16:49:10
,NORWOOD,MN,44.768018,-93.927468,2026-09-09 16:31:33
,Nerstrand,MN,44.341909,-93.067988,2026-09-09 16:49:47
,New Ulm,MN,44.314026,-94.461418,2026-09-09 16:48:57
,Nicollet,MN,44.338041,-94.236217,2026-09-09 16:49:50
,PAYNESVILLE,MN,45.380469,-94.711892,2026-09-09 16:35:45
,PERHAM,MN,46.594404,-95.572541,2026-09-09 16:35:47
,PLAINVIEW,MN,44.164742,-92.171761,2026-09-09 16:35:52
,PRESTON,MN,43.669489,-92.082019,2026-09-09 16:31:37
,Pine Island,MN,44.203396,-92.646115,2026-09-09 16:48:59
,Plymouth,MN,45.006515,-93.466510,2026-09-09 16:48:27
,Rochester,MN,44.023439,-92.463018,2026-09-09 16:49:53
,Rockville,MN,45.471909,-94.340827,2026-09-09 16:49:49
,Sleepy Eye,MN,44.297205,-94.724242,2026-09-09 16:48:34
,Spring Valley,MN,43.687010,-92.389297,2026-09-09 16:49:16
,St. Joseph,MN,45.564523,-94.318052,2026-09-09 16:48:48
,St. Paul,MN,44.949749,-93.093103,2026-09-09 16:49:53
,Thielman,MN,45.548500,-94.211896,2026-09-09 16:49:01
,WINTHROP,MN,44.540251,-94.364340,2026-09-09 16:25:45
,Wanamingo,MN,44.304391,-92.790612,2026-09-09 16:49:08
,Waseca,MN,44.017224,-93.588572,2026-09-09 16:48:15
,West St. Paul,MN,44.910154,-93.080207,2026-09-09 16:49:46
,White Bear Lake,MN,45.083810,-93.006930,2026-09-09 16:49:45
,Woodbury,MN,44.919896,-92.933945,2026-09-09 16:48:39
,ZUMBROTA,MN,44.296199,-92.669109,2026-09-09 16:25:42
,KANSAS CITY,MO,39.100105,-94.578142,2026-09-09 16:31:39
,MT. VERNON,MO,37.103667,-93.818540,2026-09-09 16:31:41
,BOONEVILLE,MS,34.655521,-88.563436,2026-09-09 16:31:38
,BREVARD,NC,35.145873,-82.825014,2026-09-09 16:27:03
,BOTTINEAU,ND,48.835159,-100.445820,2026-09-09 16:27:06
,WEST POINT,NE,41.840270,-96.712073,2026-09-09 16:35:58
,CLOVIS,NM,34.405472,-103.205071,2026-09-09 16:36:05
,LAS CRUCES,NM,32.314035,-106.779807,2026-09-09 16:36:04
,PORTALES,NM,34.185964,-103.337337,2026-09-09 16:36:02
,ROSWELL,NM,33.394328,-104.522952,2026-09-09 16:36:01
,FALLON,NV,39.474517,-118.777895,2026-09-09 16:36:00
,RENO,NV,39.526179,-119.812658,2026-09-09 16:31:42
,ADAMS,NY,43.809252,-76.024162,2026-09-09 16:26:45
,Akron,NY,43.020892,-78.495301,2026-09-09 16:54:40
,Auburn,NY,42.932020,-76.567203,2026-09-09 16:54:34
,BATAVIA,NY,42.998036,-78.187394,2026-09-09 16:26:54
,BUFFALO,NY,42.876115,-78.877415,2026-09-09 16:26:57
,CAMPBELL,NY,42.233129,-77.197475,2026-09-09 16:36:09
,CHATEAUGAY,NY,44.925866,-74.090103,2026-09-09 16:26:33
,CORFU,NY,42.960083,-78.405951,2026-09-09 16:31:43
,Conewango Valley,NY,42.240893,-79.060874,2026-09-09 16:54:34
,Dunkirk,NY,42.483224,-79.334560,2026-09-09 16:54:37
,FRANKLINVILLE,NY,42.337778,-78.457605,2026-09-09 16:26:42
,GOSHEN,NY,41.402356,-74.323455,2026-09-09 16:26:48
,Heuvelton,NY,44.618333,-75.407410,2026-09-09 16:54:39
,Hudson Falls,NY,43.300697,-73.586082,2026-09-09 16:54:31
,Johnstown,NY,43.006075,-74.372003,2026-09-09 16:54:36
,LOWVILLE,NY,43.786713,-75.492198,2026-09-09 16:36:11
,Moravia,NY,42.712570,-76.421603,2026-09-09 16:54:30
,Schenectady,NY,42.814243,-73.939569,2026-09-09 16:54:33
,Waterloo,NY,42.904693,-76.862789,2026-09-09 16:54:42
,YORKTOWN HEIGHTS,NY,41.270178,-73.775354,2026-09-09 16:36:07
,BREWSTER,OH,40.707003,-81.598180,2026-09-09 16:37:36
,Beach City,OH,40.653116,-81.580956,2026-09-09 16:53:50
,CLEVELAND,OH,41.460624,-81.952305,2026-09-09 16:27:24
,Canton,OH,40.798546,-81.374951,2026-09-09 16:53:53
,Cincinnati,OH,39.101281,-84.512741,2026-09-09 16:53:38
,Dalton,OH,40.799162,-81.695387,2026-09-09 16:53:36
,Fresno,OH,40.332569,-81.741516,2026-09-09 16:53:34
,HIRAM,OH,41.312555,-81.143710,2026-09-09 16:31:45
,Hicksville,OH,41.293106,-84.761903,2026-09-09 16:53:39
,KENT,OH,41.151311,-81.357805,2026-09-09 16:36:18
,LOUISVILLE,OH,40.837531,-81.259573,2026-09-09 16:31:44
,Little Hocking,OH,39.260631,-81.699852,2026-09-09 16:53:47
,MINERVA,OH,40.728010,-81.104249,2026-09-09 16:27:30
,Middlefield,OH,41.463817,-81.073516,2026-09-09 16:53:51
,Millersburg,OH,40.554507,-81.917920,2026-09-09 16:53:34
,Okeana,OH,39.347832,-84.767451,2026-09-09 16:53:48
,Orrville,OH,40.843666,-81.764021,2026-09-09 16:53:45
,Pomeroy,OH,39.028051,-82.034222,2026-09-09 16:53:51
,Ross,OH,39.345551,-83.077359,2026-09-09 16:53:41
,SUGARCREEK,OH,39.636442,-84.070644,2026-09-09 16:27:15
,Sandusky,OH,41.295156,-83.155544,2026-09-09 16:53:56
,Springfield,OH,39.923405,-83.810138,2026-09-09 16:53:44
,Tipp City,OH,39.961325,-84.170061,2026-09-09 16:53:54
,WINESBURG,OH,40.616542,-81.695161,2026-09-09 16:36:13
,Wooster,OH,40.798098,-81.939773,2026-09-09 16:53:48
,BOARDMAN,OR,45.839855,-119.700583,2026-09-09 16:36:22
,CLACKAMUS,OR,45.414652,-122.553256,manual: USDA spells Clackamas OR as CLACKAMUS
,MCMINNVILLE,OR,45.210037,-123.194463,2026-09-09 16:36:24
3681 Ridge Rd,Aliquippa,PA,40.610239,-80.267726,2026-09-09 16:50:10
,BRISTOL,PA,40.122900,-74.864471,2026-09-09 16:31:53
1445 Route 100,Barto,PA,40.392296,-75.594815,2026-09-09 16:51:37
130 Harmony Acres Dairy,Belle Vernon,PA,40.125073,-79.866436,2026-09-09 16:50:08
PO Box 325,Bernville,PA,40.433426,-76.112165,2026-09-09 16:53:26
410 Clarks Run Rd,Blain,PA,40.338954,-77.512531,2026-09-09 16:50:21
PO Box 1006,Blakeslee,PA,41.092513,-75.592668,2026-09-09 16:51:56
313 North Beach St,Blanchard,PA,41.074976,-77.600885,2026-09-09 16:52:53
144 Pennrose Ave,Blandon,PA,40.441205,-75.886871,2026-09-09 16:50:04
,CARLISLE,PA,40.201499,-77.189078,2026-09-09 16:27:48
,COATESVILLE,PA,39.983162,-75.823836,2026-09-09 16:31:49
24074 Wilkie Rd,Cambridge Springs,PA,41.803668,-80.056444,2026-09-09 16:52:30
405 Park Drive,Carlisle,PA,40.201499,-77.189078,2026-09-09 16:51:31
2300 Edenville Road,Chambersburg,PA,39.937511,-77.661259,2026-09-09 16:52:04
2330 Molly Pitcher Hwy,Chambersburg,PA,39.907389,-77.671362,2026-09-09 16:52:48
3854 Olde Scotland Road,Chambersburg,PA,39.937511,-77.661259,2026-09-09 16:52:59
2601 River Rd,Conestoga,PA,39.925013,-76.365222,2026-09-09 16:53:11
118 W Smith Street,Corry,PA,41.925194,-79.644469,2026-09-09 16:50:53
,DUBOIS,PA,41.121788,-78.767371,2026-09-09 16:27:42
645 Broad St Ext,Delta,PA,39.727049,-76.326626,2026-09-09 16:52:20
9 Aubel Rd,Delta,PA,39.727049,-76.326626,2026-09-09 16:50:25
48 Quarry Road,Douglassville,PA,40.250529,-75.690551,2026-09-09 16:52:54
409 Maple Ave,Dubois,PA,41.116565,-78.753901,2026-09-09 16:49:58
541 Germany Road,East Berlin,PA,39.966798,-77.051799,2026-09-09 16:49:53
601 Kuhn Fording Rd,East Berlin,PA,39.937597,-76.978589,2026-09-09 16:52:50
1506 Mars Evans City Rd,Evans City,PA,40.756321,-80.041606,2026-09-09 16:51:42
,FREDONIA,PA,41.321723,-80.258675,2026-09-09 16:27:47
1094 Richmond Rd,Fleetwood,PA,40.466964,-75.839287,2026-09-09 16:50:11
1734 Perry Hwy,Fredonia,PA,41.338694,-80.226830,2026-09-09 16:51:22
225 N Hollander Rd,Gordonville,PA,40.020100,-76.133565,2026-09-09 16:50:55
2998 Fairview Road,Granville Summit,PA,41.717853,-76.779122,2026-09-09 16:52:58
125 Locust St,Harrisburg,PA,40.260621,-76.884208,2026-09-09 16:52:37
301 South Cameron St,Harrisburg,PA,40.261305,-76.872652,2026-09-09 16:51:12
PO Box 61317,Harrisburg,PA,40.266311,-76.886112,2026-09-09 16:51:09
847 Forty Foot Rd,Hatfield,PA,40.272670,-75.309452,2026-09-09 16:51:59
235 E 7th Ave,Homestead,PA,40.407813,-79.910734,2026-09-09 16:51:54
11 Hardler Farm Road,Honesdale,PA,41.698888,-75.262477,2026-09-09 16:51:05
PO Box 127,Honey Brook,PA,40.095931,-75.913405,2026-09-09 16:52:44
5565 Jacksonville Rd,Howard,PA,41.020820,-77.594367,2026-09-09 16:52:00
1070 Hatboro Rd,Ivyland,PA,40.220276,-75.029458,2026-09-09 16:52:56
PO Box 5350,Johnstown,PA,40.325890,-78.916622,2026-09-09 16:51:03
86 Wieder Rd,Kempton,PA,40.629516,-75.877047,2026-09-09 16:52:32
PO Box 1045,Kimberton,PA,40.129889,-75.575767,2026-09-09 16:50:13
PO Box 954,Kimberton,PA,40.130659,-75.572139,2026-09-09 16:52:46
5085 Old Philadelphia Pike,Kinzers,PA,39.998435,-76.061620,2026-09-09 16:50:29
286 Reath Road,Kirkwood,PA,39.856692,-76.077464,2026-09-09 16:52:06
301 E Main St,Knoxville,PA,41.956891,-77.435935,2026-09-09 16:51:47
1980 New Danville Pike,Lancaster,PA,39.997462,-76.310018,2026-09-09 16:50:43
2927 Charlestown Rd,Lancaster,PA,40.020155,-76.385648,2026-09-09 16:50:17
1440 Sumneytown Pike,Lansdale,PA,40.241495,-75.283786,2026-09-09 16:50:58
2222 S Valley Forge Rd,Lansdale,PA,40.209341,-75.333272,2026-09-09 16:51:45
800 Allentown Rd,Lansdale,PA,40.245884,-75.304718,2026-09-09 16:50:36
201 Fonderwhite Rd,Lebanon,PA,40.320287,-76.386357,2026-09-09 16:52:13
2401 Walnut St,Lebanon,PA,40.336960,-76.420010,2026-09-09 16:50:38
360 Golf Rd,Lebanon,PA,40.412095,-76.419037,2026-09-09 16:53:30
286 Zooks Lane,Leola,PA,40.109717,-76.224017,2026-09-09 16:52:18
43 W Eby Rd,Leola,PA,40.069816,-76.175055,2026-09-09 16:51:52
27 Lititz Run Rd,Lititz,PA,40.154705,-76.285843,2026-09-09 16:52:11
517 Vale Wood Rd,Loretto,PA,40.502916,-78.631402,2026-09-09 16:51:14
,MERCER,PA,41.333454,-80.301441,2026-09-09 16:31:51
4657 Brush Valley Rd,Madisonburg,PA,40.922905,-77.517778,2026-09-09 16:51:25
1461 Lancaster Road,Manheim,PA,40.163736,-76.395243,2026-09-09 16:52:02
2130 Cross Cove Rd,Martinsburg,PA,40.302828,-78.347191,2026-09-09 16:52:35
387 Horningford Rd,McVeytown,PA,40.497912,-77.741403,2026-09-09 16:51:16
937-D Nixon Drive Ste D,Mechanicsburg,PA,40.210197,-77.004728,2026-09-09 16:50:22
1393 West Baltimore Pike,Media,PA,39.916778,-75.387693,2026-09-09 16:53:24
264 W Hollow Rd,Middleburg,PA,40.788313,-77.044644,2026-09-09 16:51:49
72 Milk Plant Rd,Middlebury Center,PA,41.843684,-77.274420,2026-09-09 16:50:31
1614 Reading Rd,Mohnton,PA,40.285925,-75.984380,2026-09-09 16:53:33
1471 West Main St,Mt Joy,PA,40.114055,-76.520823,2026-09-09 16:51:57
,NEW HOLLAND,PA,40.101764,-76.085227,2026-09-09 16:27:52
,NEW WILMINGTON,PA,41.122281,-80.332843,2026-09-09 16:36:25
2223 West State St,New Castle,PA,41.008348,-80.384432,2026-09-09 16:53:16
1309 Lafayette Road,New Enterprise,PA,40.170357,-78.406959,2026-09-09 16:52:34
14 South Tower Road,New Holland,PA,40.108891,-76.066547,2026-09-09 16:53:31
245 Mentzer Rd,New Holland,PA,40.101764,-76.085227,2026-09-09 16:51:32
400 S Custer Ave,New Holland,PA,40.097135,-76.088925,2026-09-09 16:50:57
413 Reibenbach Rd,New Holland,PA,40.101764,-76.085227,2026-09-09 16:51:07
6718 National Pike,New Salem,PA,39.901624,-76.789214,2026-09-09 16:51:20
925 State Route 18 & 208,New Wilmington,PA,41.127251,-80.334676,2026-09-09 16:50:33
145 Parsons Lane,Newtown,PA,40.229405,-74.936533,2026-09-09 16:51:00
1422 Center Rd,Newville,PA,40.173057,-77.399326,2026-09-09 16:53:10
131 Manning Rd,North Abington Twp,PA,41.565542,-75.664588,2026-09-09 16:51:39
1856 Guffey Rd,North Huntingdon,PA,40.310627,-79.735284,2026-09-09 16:51:23
92 Covered Bridge Rd,Oley,PA,40.379548,-75.738522,2026-09-09 16:53:19
105 Allison Road,Oreland,PA,40.116498,-75.184374,2026-09-09 16:50:51
148 Wilson Mill Rd,Oxford,PA,39.787198,-75.951428,2026-09-09 16:52:26
753 Country Lane,Paradise,PA,39.965207,-76.053833,2026-09-09 16:50:47
125 Warfel Rd,Peach Bottom,PA,39.750938,-76.225788,2026-09-09 16:53:21
1433 Broad St,Perkasie,PA,40.372048,-75.292676,2026-09-09 16:52:17
10975 Dutton Rd,Philadelphia,PA,40.090406,-74.987038,2026-09-09 16:51:43
1639 N Hancock St Ste 103,Philadelphia,PA,39.952724,-75.163526,2026-09-09 16:52:24
810 Bleigh Ave,Philadelphia,PA,40.063826,-75.084734,2026-09-09 16:51:01
1049 Jefferson Rd,Pittsburgh,PA,40.440697,-80.002567,2026-09-09 16:53:12
726 Frank St,Pittsburgh,PA,40.422886,-79.933786,2026-09-09 16:52:40
,QUARRYVILLE,PA,39.897047,-76.163566,2026-09-09 16:31:50
523 Valley Rd,Quarryville,PA,39.897047,-76.163566,2026-09-09 16:51:51
799 Robert Fulton Hwy,Quarryville,PA,39.877255,-76.155180,2026-09-09 16:51:40
100 McKinley Ave,Reading,PA,40.335345,-75.927949,2026-09-09 16:50:35
61 Van Guard Drive,Reading,PA,40.335345,-75.927949,2026-09-09 16:50:02
1146 Honey Creek Rd,Reedsville,PA,40.686430,-77.558293,2026-09-09 16:53:05
60 N Ronks Road,Ronks,PA,40.020946,-76.166726,2026-09-09 16:52:08
,SO. WAVERLY,PA,41.525917,-75.705939,2026-09-09 16:27:50
217 Yanuzzi Dr,Sayre,PA,41.978963,-76.515499,2026-09-09 16:51:36
110 Manheim Rd,Schuylkill Haven,PA,40.630646,-76.171054,2026-09-09 16:50:40
1690 Oneida Lane,Sharpsville,PA,41.259222,-80.472014,2026-09-09 16:50:42
65 Hillside Road,Shavertown,PA,41.319803,-75.937976,2026-09-09 16:53:01
208 E Dykeman Rd,Shippensburg,PA,40.045699,-77.511573,2026-09-09 16:52:42
151 Kolb Farm Store,Spring City,PA,40.177828,-75.545644,2026-09-09 16:51:27
245 N Main Street,Spring Grove,PA,39.879086,-76.865042,2026-09-09 16:50:15
509 May Post Office Rd,Strasburg,PA,39.962949,-76.165315,2026-09-09 16:50:45
1000 S Second St,Sunbury,PA,40.861975,-76.793625,2026-09-09 16:50:50
178 Lender Ave,Sunbury,PA,40.861975,-76.793625,2026-09-09 16:52:51
PO Box 471,Sunbury,PA,40.861975,-76.793625,2026-09-09 16:53:28
116 Mountain Road,Tamaqua,PA,40.797430,-75.969619,2026-09-09 16:51:34
743 Catawissa Rd,Tamaqua,PA,40.797430,-75.969619,2026-09-09 16:51:11
217 S Washington St,Titusville,PA,41.625525,-79.675285,2026-09-09 16:53:07
439 Pushersiding Rd,Ulysses,PA,41.903957,-77.761937,2026-09-09 16:49:55
PO Box 1247,Uniontown,PA,39.901824,-79.726999,2026-09-09 16:53:14
119 Food Science Building,University Park,PA,40.812897,-77.871057,2026-09-09 16:53:04
1 Lamagna Dr,Verona,PA,40.511250,-79.841340,2026-09-09 16:51:28
,WEST MIDDLESEX,PA,41.174224,-80.453402,2026-09-09 16:31:47
1509 Creek Drive,Waymart,PA,41.580362,-75.408237,2026-09-09 16:50:27
1821 Lenape Unionville Rd,West Chester,PA,39.899820,-75.673944,2026-09-09 16:49:57
827 Exeter Ave,West Pittston,PA,41.337195,-75.803041,2026-09-09 16:50:05
5161 Clover Creek Road,Williamsburg,PA,40.455318,-78.202118,2026-09-09 16:50:18
1860 East Third St,Williamsport,PA,41.241156,-77.001110,2026-09-09 16:53:18
7199 County Line Road,Winfield,PA,40.909252,-76.855245,2026-09-09 16:52:15
725 Church Rd,Womelsdorf,PA,40.364183,-76.187705,2026-09-09 16:52:10
850 N Wyomissing Blvd Ste 1,Wyomissing,PA,40.329537,-75.965212,2026-09-09 16:50:00
2100 N George St,York,PA,39.964365,-76.728726,2026-09-09 16:52:39
90 Indian Rock Dam Rd,York,PA,39.911494,-76.720399,2026-09-09 16:52:22
,SAN JUAN,PR,18.384239,-66.053440,2026-09-09 16:27:55
,BROOKINGS,SD,44.311461,-96.798440,2026-09-09 16:27:58
,FREEMAN,SD,43.352487,-97.437286,2026-09-09 16:27:57
,Hoven,SD,45.243594,-99.777061,2026-09-09 16:54:43
,LAKE NORDEN,SD,44.580522,-97.209238,2026-09-09 16:27:55
,MILBANK,SD,45.219131,-96.635617,2026-09-09 16:28:00
,Pollock,SD,45.901383,-100.288457,2026-09-09 16:54:44
,HUMBOLDT,TN,35.819792,-88.915895,2026-09-09 16:31:55
,MANCHESTER,TN,35.483200,-86.088730,2026-09-09 16:31:56
,TULLAHOMA,TN,35.362491,-86.209977,2026-09-09 16:31:58
,ABILENE,TX,32.446450,-99.747591,2026-09-09 16:31:59
,Amarillo,TX,35.207290,-101.837119,2026-09-09 16:54:46
,CANYON,TX,34.978985,-101.928191,2026-09-09 16:28:09
,Como,TX,33.060673,-95.472173,2026-09-09 16:54:47
,DALHART,TX,36.061609,-102.522223,2026-09-09 16:28:06
,DUMAS,TX,35.861478,-101.971373,2026-09-09 16:28:10
,EL PASO,TX,31.760100,-106.487048,2026-09-09 16:28:04
,Gustine,TX,31.845149,-98.402820,2026-09-09 16:54:50
,LITTLEFIELD,TX,33.918917,-102.332836,2026-09-09 16:28:01
,LUBBOCK,TX,33.585568,-101.847021,2026-09-09 16:28:07
,Stephenville,TX,32.220139,-98.204539,2026-09-09 16:54:49
,WINNSBORO,TX,32.957345,-95.290222,2026-09-09 16:28:03
,FILLMORE,UT,38.968812,-112.323587,2026-09-09 16:32:02
,HYRUM,UT,41.634120,-111.855194,2026-09-09 16:28:13
,LOGAN,UT,41.731306,-111.834914,2026-09-09 16:28:13
,SALT LAKE CITY,UT,40.638553,-111.891334,2026-09-09 16:32:05
,Brattleboro,VT,42.850759,-72.557291,2026-09-09 16:54:58
,Burlington,VT,44.476160,-73.212906,2026-09-09 16:55:06
,CABOT,VT,44.402878,-72.310447,2026-09-09 16:28:16
,Enosburg Falls,VT,44.906669,-72.804578,2026-09-09 16:54:57
,Georgia,VT,44.727547,-73.117637,2026-09-09 16:55:04
,Grafton,VT,43.171490,-72.606592,2026-09-09 16:55:00
,Hardwick,VT,44.504343,-72.366000,2026-09-09 16:54:56
,Hinesburg,VT,44.329251,-73.111267,2026-09-09 16:55:03
,MIDDLEBURY,VT,44.014299,-73.167229,2026-09-09 16:28:15
,St. Albans,VT,44.810791,-73.083361,2026-09-09 16:54:53
,Swanton,VT,44.918159,-73.124236,2026-09-09 16:55:07
,Waterbury,VT,44.337921,-72.756380,2026-09-09 16:54:54
,ISSAQUAH,WA,47.534878,-122.043297,2026-09-09 16:28:19
,LYNDEN,WA,48.946604,-122.456931,2026-09-09 16:36:27
,PASCO,WA,46.230674,-119.092100,2026-09-09 16:36:28
,SUNNYSIDE,WA,46.324642,-120.008190,2026-09-09 16:36:30
,ALGOMA,WI,44.609642,-87.436498,2026-09-09 16:30:34
,ALMENA,WI,45.417992,-92.035950,2026-09-09 16:30:36
,ANTIGO,WI,45.140466,-89.152496,2026-09-09 16:37:19
,APPLETON,WI,44.261397,-88.406974,2026-09-09 16:36:42
,ARENA,WI,43.165548,-89.912661,2026-09-09 16:37:24
,AUBURNDALE,WI,44.627707,-90.008692,2026-09-09 16:37:27
118 S 4th St,Abbotsford,WI,44.944336,-90.316194,2026-09-09 16:41:51
248 County Rd S,Algoma,WI,44.609642,-87.436498,2026-09-09 16:45:43
248 County Road S,Algoma,WI,44.682570,-87.397270,2026-09-09 16:45:40
1052 6th St,Almena,WI,45.451743,-92.032608,2026-09-09 16:46:00
147 Lake Almena Dr,Almena,WI,45.417992,-92.035950,2026-09-09 16:40:59
201 Morse St,Antigo,WI,45.134390,-89.157911,2026-09-09 16:46:06
1815 W Spencer St,Appleton,WI,44.258550,-88.433930,2026-09-09 16:40:25
2358 W Packard St,Appleton,WI,44.265737,-88.420830,2026-09-09 16:43:56
237 E Calumet St,Appleton,WI,44.243833,-88.401265,2026-09-09 16:43:33
3805 Freedom Rd,Appleton,WI,44.261397,-88.406974,2026-09-09 16:37:41
N4006 Country Rd E,Appleton,WI,44.261397,-88.406974,2026-09-09 16:47:16
N4056 Vine Rd,Appleton,WI,44.261397,-88.406974,2026-09-09 16:37:59
N410 Speel School Rd,Appleton,WI,44.261397,-88.406974,2026-09-09 16:43:07
300 US Highway 14,Arena,WI,43.161636,-89.908605,2026-09-09 16:37:50
6415 County Road H,Arena,WI,43.122219,-89.954501,2026-09-09 16:47:28
1750 W Puddle Dock Rd,Argyle,WI,42.701222,-89.866985,2026-09-09 16:41:53
122480 Schnappsville Rd,Athens,WI,45.034974,-90.073887,2026-09-09 16:41:23
243749 Beaver Creek Rd,Athens,WI,45.034974,-90.073887,2026-09-09 16:39:38
5710 County Road H,Auburndale,WI,44.627707,-90.008692,2026-09-09 16:48:05
,BELGIUM,WI,43.499721,-87.850367,2026-09-09 16:32:15
,BELMONT,WI,42.738416,-90.334166,2026-09-09 16:36:58
,BLACK CREEK,WI,44.475557,-88.450812,2026-09-09 16:37:15
,BLAIR,WI,44.294624,-91.233843,2026-09-09 16:36:38
,BROWNSVILLE,WI,43.616381,-88.490659,2026-09-09 16:36:45
,BROWNTOWN,WI,42.577429,-89.794257,2026-09-09 16:37:26
5364 Glennville Rd,Bancroft,WI,44.308369,-89.520683,2026-09-09 16:39:06
1623A US Highway 8,Barron,WI,45.408209,-91.600677,2026-09-09 16:40:57
1623B US Highway 8,Barron,WI,45.407656,-91.523555,2026-09-09 16:40:55
796 29 3/4 Ave,Barronett,WI,45.677416,-91.969990,2026-09-09 16:33:52
419 S Center St,Beaver Dam,WI,43.458441,-88.839442,2026-09-09 16:42:25
N6977 State Hwy 57,Belgium,WI,43.499721,-87.850367,2026-09-09 16:38:53
W3111 Jay Rd,Belgium,WI,43.527718,-87.942378,2026-09-09 16:38:54
W3115 Jay Rd,Belgium,WI,43.528178,-87.942212,2026-09-09 16:38:51
112 W Main St,Belleville,WI,42.859686,-89.534602,2026-09-09 16:33:21
6858 Paoli Rd,Belleville,WI,42.929805,-89.523606,2026-09-09 16:43:13
218 S Park St,Belmont,WI,42.735872,-90.327980,2026-09-09 16:42:58
2924 Wyetta Dr,Beloit,WI,42.521178,-88.982736,2026-09-09 16:46:12
3355 Colley Rd,Beloit,WI,42.510360,-88.977345,2026-09-09 16:46:34
W1965 State Road 21,Berlin,WI,43.968426,-88.946623,2026-09-09 16:47:23
307 N Clark St,Black Creek,WI,44.475677,-88.452339,2026-09-09 16:45:59
W5646 State Road 54,Black Creek,WI,44.475557,-88.450812,2026-09-09 16:38:32
220 E Center St,Blair,WI,44.296262,-91.225096,2026-09-09 16:37:53
201 W Olson St,Blanchardville,WI,42.809188,-89.863735,2026-09-09 16:44:57
710 Blake St,Blanchardville,WI,42.805694,-89.858061,2026-09-09 16:39:05
2819 County Road F,Blue Mounds,WI,43.017410,-89.832035,2026-09-09 16:39:35
3480 County Road F,Blue Mounds,WI,43.017410,-89.832035,2026-09-09 16:47:50
26965 Dieter Hollow,Blue River,WI,43.187876,-90.567450,2026-09-09 16:38:30
305 1st St,Boscobel,WI,43.134675,-90.705740,2026-09-09 16:47:05
801 E Prairie St,Boscobel,WI,43.134675,-90.705740,2026-09-09 16:47:04
1115 Tiffany St,Boyceville,WI,45.046143,-92.035080,2026-09-09 16:32:44
N10760 350th St,Boyceville,WI,45.044494,-92.039421,2026-09-09 16:46:48
W1668 County Road F,Brodhead,WI,42.626953,-89.444064,2026-09-09 16:39:39
2205 N Calhoun Rd,Brookfield,WI,43.059477,-88.129086,2026-09-09 16:46:24
N11689 Dairy Rd,Brownsville,WI,43.616381,-88.490659,2026-09-09 16:41:03
W6521 County Road F,Brownsville,WI,43.616381,-88.490659,2026-09-09 16:37:57
2923 Mayer Rd,Browntown,WI,42.577429,-89.794257,2026-09-09 16:47:30
832 E Arthur Ave,Bruce,WI,45.453212,-91.263447,2026-09-09 16:39:28
1072 288th Ave,Burlington,WI,42.680105,-88.276413,2026-09-09 16:40:54
,CASCADE,WI,43.658329,-88.007038,2026-09-09 16:28:59
,CASHTON,WI,43.743021,-90.778850,2026-09-09 16:37:41
,CHASEBURG,WI,43.659009,-91.095507,2026-09-09 16:37:12
,CHILI,WI,44.626907,-90.356524,2026-09-09 16:37:38
,CLAYTON,WI,45.331278,-92.172318,2026-09-09 16:29:14
,CLINTONVILLE,WI,44.623205,-88.760009,2026-09-09 16:30:21
,COLBY,WI,44.909967,-90.315691,2026-09-09 16:32:38
24105 County Highway MM,Cadott,WI,44.928721,-91.183993,2026-09-09 16:48:09
W4481 County Road GG,Cambria,WI,43.543266,-89.108476,2026-09-09 16:47:47
W736 County Road B,Campbellsport,WI,43.598172,-88.284966,2026-09-09 16:44:48
302 E Water St,Cascade,WI,43.658329,-88.007038,2026-09-09 16:33:45
110 Eagle Dr,Cashton,WI,43.743021,-90.778850,2026-09-09 16:44:55
440 Organic Dr,Cashton,WI,43.733291,-90.802597,2026-09-09 16:39:15
S502 County Road D,Cashton,WI,43.743021,-90.778850,2026-09-09 16:44:30
S510 County Hwy D,Cashton,WI,43.743021,-90.778850,2026-09-09 16:44:31
E2511 County Road S,Cazenovia,WI,43.523035,-90.196238,2026-09-09 16:47:39
W3653 Hoitink Rd,Cedar Grove,WI,43.572040,-87.820311,2026-09-09 16:40:15
W55 N155 McKinley Blvd,Cedarburg,WI,43.296655,-87.987535,2026-09-09 16:39:30
203 S Main St,Chaseburg,WI,43.651696,-91.100335,2026-09-09 16:39:13
W888 Chili Rd,Chili,WI,44.626064,-90.396146,2026-09-09 16:39:26
131 E Chestnut St,Chilton,WI,44.024061,-88.159293,2026-09-09 16:46:49
625 S Irish Rd,Chilton,WI,44.035635,-88.142964,2026-09-09 16:38:21
W3240 County Road F,Chilton,WI,44.035125,-88.241059,2026-09-09 16:41:06
611 Bridge St,Chippewa Falls,WI,44.939475,-91.395939,2026-09-09 16:44:37
22 S Prairie St,Chippewa Fls,WI,44.936608,-91.387453,2026-09-09 16:43:46
240 Prentice St N,Clayton,WI,45.333156,-92.171426,2026-09-09 16:40:27
260 95th St,Clear Lake,WI,45.251442,-92.270281,2026-09-09 16:42:00
600 1st Ave,Clear Lake,WI,45.244510,-92.275816,2026-09-09 16:32:45
855 Hickory St,Cleveland,WI,43.912085,-87.746951,2026-09-09 16:40:41
W10198 Oak Grove Rd,Clintonville,WI,44.620535,-88.762323,2026-09-09 16:44:28
225567 Silver Maple Ln,Colby,WI,44.909967,-90.315691,2026-09-09 16:45:24
507 Pine St,Colfax,WI,44.998194,-91.726099,2026-09-09 16:39:25
271 Industrial Dr,Coloma,WI,44.040161,-89.509752,2026-09-09 16:46:39
2280 W James St,Columbus,WI,43.339262,-89.015772,2026-09-09 16:44:51
W4192 Bristol Rd,Columbus,WI,43.339262,-89.015772,2026-09-09 16:46:09
4570 County Road S,Conover,WI,46.068663,-89.304922,2026-09-09 16:41:30
600 S US Highway 141,Crivitz,WI,45.218149,-87.996026,2026-09-09 16:44:59
8877 Table Bluff Rd,Cross Plains,WI,43.111697,-89.645220,2026-09-09 16:39:48
116 N Main St,Cuba City,WI,42.602265,-90.430845,2026-09-09 16:40:49
N14505 Sandhill Ave,Curtiss,WI,44.953759,-90.434239,2026-09-09 16:44:21
,DARLINGTON,WI,42.680229,-90.117808,2026-09-09 16:37:27
,DENMARK,WI,44.347936,-87.826987,2026-09-09 16:36:42
,DURAND,WI,44.628370,-91.967663,2026-09-09 16:30:04
112 W Ann St,Darlington,WI,42.679332,-90.118044,2026-09-09 16:46:21
160 Christensen Dr,Darlington,WI,42.666192,-90.129927,2026-09-09 16:48:02
17975 County Road F,Darlington,WI,42.675968,-90.174740,2026-09-09 16:38:22
2010 Center Dr,Darlington,WI,42.664515,-90.129841,2026-09-09 16:44:00
2082 Old Martin Rd,De Pere,WI,44.400999,-88.064607,2026-09-09 16:46:26
3399 S Ridge Rd,De Pere,WI,44.449358,-88.059999,2026-09-09 16:44:24
4879 County Road V,DeForest,WI,43.247769,-89.343728,2026-09-09 16:39:58
5312 Steve's Cheese Rd,Denmark,WI,44.347936,-87.826987,2026-09-09 16:38:00
5550 County Road R,Denmark,WI,44.374617,-87.854803,2026-09-09 16:38:10
5810 County Road NN,Denmark,WI,44.342089,-87.887438,2026-09-09 16:38:07
5900 County Road NN,Denmark,WI,44.356503,-87.887573,2026-09-09 16:38:08
5911 County Road NN,Denmark,WI,44.356055,-87.887346,2026-09-09 16:38:04
5023 State Road 23,Dodgeville,WI,42.960006,-90.130446,2026-09-09 16:47:18
W1658 County Road A,Dorchester,WI,45.003512,-90.296727,2026-09-09 16:40:17
1220 E Hardy St,Durand,WI,44.636022,-91.951707,2026-09-09 16:46:51
N6765 State Road 25,Durand,WI,44.628370,-91.967663,2026-09-09 16:39:56
,EAU CLAIRE,WI,44.811349,-91.498494,2026-09-09 16:37:09
,ELLSWORTH,WI,44.732122,-92.483122,2026-09-09 16:29:11
N8207 Bell School Rd,East Troy,WI,42.788576,-88.317199,2026-09-09 16:41:29
1160 Menomonie St,Eau Claire,WI,44.800603,-91.526007,2026-09-09 16:47:25
230266 Red Cardinal Rd,Edgar,WI,44.922529,-89.963946,2026-09-09 16:33:25
232 N Wallace St,Ellsworth,WI,44.734664,-92.463446,2026-09-09 16:40:01
609 2nd Main,Elroy,WI,43.738311,-90.270028,2026-09-09 16:33:49
104 N Madison St,Evansville,WI,42.782095,-89.297910,2026-09-09 16:46:45
,FOND DU LAC,WI,43.753341,-88.449380,2026-09-09 16:32:21
,FRIENDSHIP,WI,43.971664,-89.816178,2026-09-09 16:36:50
120 Brickyard St,Fall Creek,WI,44.763572,-91.277099,2026-09-09 16:41:48
1675 Lincoln Ave,Fennimore,WI,42.977396,-90.655192,2026-09-09 16:38:36
246 Trowbridge Dr,Fond du Lac,WI,43.745294,-88.474741,2026-09-09 16:41:11
325 Tompkins St,Fond du Lac,WI,43.771074,-88.458774,2026-09-09 16:44:07
420 Trowbridge Dr,Fond du Lac,WI,43.742347,-88.479782,2026-09-09 16:41:08
N5541 Miranda Way,Fond du Lac,WI,43.753341,-88.449380,2026-09-09 16:44:25
N5677 County Road UU,Fond du Lac,WI,43.753341,-88.449380,2026-09-09 16:39:32
W5215 County Road B,Fond du Lac,WI,43.689587,-88.444480,2026-09-09 16:42:05
2895 W Oakwood Rd,Franklin,WI,42.858045,-87.953385,2026-09-09 16:45:53
W1872 County Rd UU,Freedom,WI,44.378726,-88.312982,2026-09-09 16:47:14
7742 County Road II,Fremont,WI,44.216726,-88.787787,2026-09-09 16:47:21
1007 W Lake St,Friendship,WI,43.973581,-89.831093,2026-09-09 16:41:12
,GILMAN,WI,45.166434,-90.811063,2026-09-09 16:37:40
,GRANTON,WI,44.587252,-90.462464,2026-09-09 16:30:01
,GRANTSBURG,WI,45.778966,-92.682400,2026-09-09 16:28:56
,GREEN BAY,WI,44.512638,-88.012579,2026-09-09 16:37:41
,GREENWOOD,WI,44.766183,-90.598267,2026-09-09 16:36:53
N112W19528 Mequon Rd,Germantown,WI,43.221940,-88.151861,2026-09-09 16:40:22
N116W15970 Main St,Germantown,WI,43.229118,-88.108282,2026-09-09 16:40:45
14109 County Road VV,Gillett,WI,44.890455,-88.305770,2026-09-09 16:45:16
300 S Riverside Dr,Gilman,WI,45.164697,-90.812775,2026-09-09 16:40:50
W1929 US Highway 10,Granton,WI,44.587252,-90.462464,2026-09-09 16:43:28
W1933 US Highway 10,Granton,WI,44.587252,-90.462464,2026-09-09 16:43:30
W4510 Meridian Ave,Granton,WI,44.587252,-90.462464,2026-09-09 16:43:27
11631 State Road 70,Grantsburg,WI,45.778966,-92.682400,2026-09-09 16:38:26
12413 County Road Z,Grantsburg,WI,45.778966,-92.682400,2026-09-09 16:43:49
1375 Gruber Rd,Green Bay,WI,44.512638,-88.012579,2026-09-09 16:42:18
1552 Lineville Rd,Green Bay,WI,44.512638,-88.012579,2026-09-09 16:39:41
1695 Mills St,Green Bay,WI,44.504249,-87.979417,2026-09-09 16:46:18
341 N Henry St,Green Bay,WI,44.507602,-87.978077,2026-09-09 16:40:37
4200 Main St,Green Bay,WI,44.425216,-87.900956,2026-09-09 16:38:02
430 N Henry,Green Bay,WI,44.508552,-87.977818,2026-09-09 16:40:39
7050 Morrison Rd,Greenleaf,WI,44.313630,-88.095707,2026-09-09 16:42:32
N1788 Lily of the Valley Dr Ste I,Greenville,WI,44.286852,-88.587071,2026-09-09 16:47:00
W6470 Quality Dr,Greenville,WI,44.275088,-88.511401,2026-09-09 16:32:48
423 S Main St,Greenwood,WI,44.762910,-90.598242,2026-09-09 16:41:17
N8790 Fairground Ave,Greenwood,WI,44.737547,-90.577007,2026-09-09 16:41:15
W7014 County Hwy MM,Greenwood,WI,44.766183,-90.598267,2026-09-09 16:40:35
,HILBERT,WI,44.139411,-88.158609,2026-09-09 16:32:41
,HILLSBORO,WI,43.650862,-90.339908,2026-09-09 16:37:01
,HOLMEN,WI,43.963221,-91.256366,2026-09-09 16:32:26
W7902 290th Ave,Hager City,WI,44.601634,-92.538246,2026-09-09 16:44:54
11077 N Fullington Rd,Hayward,WI,46.012968,-91.484873,2026-09-09 16:44:27
15848 W 2nd St,Hayward,WI,46.013995,-91.485557,2026-09-09 16:38:15
460 S 8th St,Hilbert,WI,44.133299,-88.163984,2026-09-09 16:47:07
N7630 County Road Bb,Hilbert,WI,44.139411,-88.158609,2026-09-09 16:44:45
S7863 Highway G,Hill Point,WI,43.424428,-90.112626,2026-09-09 16:43:55
27017 State Road 130,Hillpoint,WI,43.054638,-89.524945,2026-09-09 16:41:57
1401 County Highway HH,Hillsboro,WI,43.650862,-90.339908,2026-09-09 16:44:41
186 E Madison St,Hillsboro,WI,43.652310,-90.334233,2026-09-09 16:43:10
1775 Granary St,Holmen,WI,44.004339,-91.295545,2026-09-09 16:41:35
1521 Brookfield Ave,Howard,WI,44.582981,-88.059382,2026-09-09 16:47:52
502 2nd St Ste 101,Hudson,WI,44.975095,-92.755467,2026-09-09 16:43:25
W1194 Marietta Ave,Ixonia,WI,43.144858,-88.600350,2026-09-09 16:45:02
W1344 Industrial Dr,Ixonia,WI,43.163147,-88.596576,2026-09-09 16:39:23
,JACKSON,WI,44.301685,-90.808520,2026-09-09 16:32:27
,JIM FALLS,WI,45.045240,-91.272929,2026-09-09 16:36:39
,JUDA,WI,42.590225,-89.508724,2026-09-09 16:36:46
N168W21455 Main St,Jackson,WI,44.437043,-90.911164,2026-09-09 16:42:08
N2926 Will Rd,Jefferson,WI,43.022467,-88.767303,2026-09-09 16:43:31
14193 County Road S,Jim Falls,WI,45.048081,-91.273232,2026-09-09 16:37:54
312 Milwaukee St,Johnson Creek,WI,43.075424,-88.771440,2026-09-09 16:45:00
N2469 County Road S,Juda,WI,42.590225,-89.508724,2026-09-09 16:42:02
N2607 County Road S,Juda,WI,42.590225,-89.508724,2026-09-09 16:41:09
N2689 County Road S,Juda,WI,42.590225,-89.508724,2026-09-09 16:41:00
W2616 State Road 11 and 81,Juda,WI,42.590225,-89.508724,2026-09-09 16:43:39
,KAUKAUNA,WI,44.278043,-88.272050,2026-09-09 16:36:41
,KEWAUNEE,WI,44.462275,-87.500397,2026-09-09 16:30:33
,KIEL,WI,43.912493,-88.035652,2026-09-09 16:37:41
3610 Electric City Blvd,Kaukauna,WI,44.312841,-88.246228,2026-09-09 16:45:20
489 Holland Crt,Kaukauna,WI,44.278043,-88.272050,2026-09-09 16:37:51
524 Martin Lane,Kaukauna,WI,44.278043,-88.272050,2026-09-09 16:45:22
W2400 County Road S,Kaukauna,WI,44.278043,-88.272050,2026-09-09 16:38:06
4550 70th Ave,Kenosha,WI,42.595289,-87.893764,2026-09-09 16:43:21
1626 N Fond du Lac Ave,Kewaskum,WI,43.521380,-88.227864,2026-09-09 16:40:19
409 Milwaukee St,Kewaunee,WI,44.459142,-87.503143,2026-09-09 16:47:33
N4893 County Road C,Kewaunee,WI,44.521282,-87.630109,2026-09-09 16:45:36
1 Persnickety Pl,Kiel,WI,43.925632,-88.017098,2026-09-09 16:47:09
170 Ruh Ct,Kiel,WI,43.921888,-88.020494,2026-09-09 16:46:56
20201 Point Creek Rd,Kiel,WI,43.912493,-88.035652,2026-09-09 16:41:25
927 8th St,Kiel,WI,43.916709,-88.041643,2026-09-09 16:43:11
419 Highland Dr,Kohler,WI,43.739301,-87.780166,2026-09-09 16:42:23
,LACROSSE,WI,43.435153,-89.729583,2026-09-09 16:32:41
,LANCASTER,WI,42.847742,-90.710230,2026-09-09 16:29:16
,LAVALLE,WI,43.583004,-90.136586,2026-09-09 16:28:58
,LENA,WI,44.951099,-88.047000,2026-09-09 16:37:16
,LINDEN,WI,42.917810,-90.273206,2026-09-09 16:36:44
,LITTLE CHUTE,WI,44.279987,-88.318439,2026-09-09 16:37:37
,LUXEMBURG,WI,44.538351,-87.703664,2026-09-09 16:36:33
1626 Oak St,La Crosse,WI,43.847336,-91.229219,2026-09-09 16:42:27
207 Pearl St,La Crosse,WI,43.812523,-91.254113,2026-09-09 16:46:53
2200 Enterprise Ave,La Crosse,WI,43.863086,-91.226356,2026-09-09 16:41:20
2200 Palace St,La Crosse,WI,43.855565,-91.226156,2026-09-09 16:42:28
2340 Enterprise Ave,La Crosse,WI,43.865986,-91.223011,2026-09-09 16:46:27
706 S 16th St,La Crosse,WI,43.804455,-91.232818,2026-09-09 16:45:17
S3797 County Road G,La Valle,WI,43.582200,-90.128182,2026-09-09 16:38:45
480 N Cp Ave,Lake Mills,WI,43.079803,-88.912572,2026-09-09 16:43:23
8149 Stage Rd,Lancaster,WI,42.800907,-90.703095,2026-09-09 16:47:31
932 N Madison St,Lancaster,WI,42.856483,-90.709626,2026-09-09 16:40:32
317 N Rosera St,Lena,WI,44.953656,-88.046853,2026-09-09 16:45:56
300 Jackson St,Linden,WI,42.916805,-90.272889,2026-09-09 16:40:52
1500 E North Ave,Little Chute,WI,44.288509,-88.290574,2026-09-09 16:37:56
302 E Main St,Lomira,WI,43.616377,-88.463523,2026-09-09 16:41:14
107 4th St,Luxemburg,WI,44.543568,-87.709837,2026-09-09 16:45:49
124 Main St,Luxemburg,WI,44.544941,-87.703241,2026-09-09 16:45:35
N2915 County Road AB,Luxemburg,WI,44.429518,-87.684747,2026-09-09 16:37:43
,MANAWA,WI,44.464425,-88.919829,2026-09-09 16:37:22
,MARATHON,WI,44.891404,-89.774810,2026-09-09 16:32:32
,MARION,WI,44.671741,-88.889081,2026-09-09 16:29:08
,MARSHFIELD,WI,44.666229,-90.174031,2026-09-09 16:30:16
,MEDFORD,WI,45.139144,-90.346081,2026-09-09 16:37:41
,MENASHA,WI,44.199389,-88.453108,2026-09-09 16:32:14
,MENOMONIE,WI,44.876529,-91.927872,2026-09-09 16:29:13
,MERRILL,WI,45.180522,-89.683459,2026-09-09 16:36:57
,MINDORO,WI,44.021074,-91.101806,2026-09-09 16:37:13
,MONROE,WI,43.941676,-90.639726,2026-09-09 16:32:39
,MONTICELLO,WI,43.792077,-89.327566,2026-09-09 16:31:00
,MOSINEE,WI,44.792767,-89.703075,2026-09-09 16:37:07
,MUSCODA,WI,43.185350,-90.443049,2026-09-09 16:37:04
1605 Linden Dr,Madison,WI,43.074792,-89.413673,2026-09-09 16:38:18
2221 Daniels St,Madison,WI,43.065511,-89.297534,2026-09-09 16:39:08
514 Division St,Madison,WI,43.073830,-89.383111,2026-09-09 16:32:59
537 Atlas Ave,Madison,WI,43.089487,-89.311494,2026-09-09 16:39:59
W2994 County Road HH,Malone,WI,43.920456,-88.307255,2026-09-09 16:42:34
250 Center St,Manawa,WI,44.464598,-88.916069,2026-09-09 16:46:43
10115 English Lake Rd,Manitowoc,WI,44.051601,-87.799952,2026-09-09 16:45:05
2000 S 10th St,Manitowoc,WI,44.075629,-87.660872,2026-09-09 16:38:48
304 East St,Marathon,WI,44.931777,-89.833098,2026-09-09 16:43:42
701 8th St,Marathon,WI,44.926757,-89.841820,2026-09-09 16:43:45
1905 Dunlap Ave,Marinette,WI,45.097832,-87.635414,2026-09-09 16:41:58
N10140 State Road 110,Marion,WI,44.671741,-88.889081,2026-09-09 16:39:50
10558 County Road B,Marshfield,WI,44.666229,-90.174031,2026-09-09 16:40:44
10898 US Highway 10 W,Marshfield,WI,44.666229,-90.174031,2026-09-09 16:44:19
115454 County Road C,Marshfield,WI,43.809937,-88.163791,2026-09-09 16:44:16
1511 E 4th St,Marshfield,WI,44.657302,-90.156158,2026-09-09 16:40:33
2408 S Galvin Ave,Marshfield,WI,44.643210,-90.139841,2026-09-09 16:45:14
9706 County Road H,Marshfield,WI,44.666229,-90.174031,2026-09-09 16:47:35
1006 Gateway Ave,Mauston,WI,43.796854,-90.075677,2026-09-09 16:38:43
1042 E State St,Mauston,WI,43.791827,-90.063716,2026-09-09 16:48:00
331 S Main St,Mayville,WI,43.491139,-88.544757,2026-09-09 16:44:33
650 Furnace St,Mayville,WI,43.502792,-88.545420,2026-09-09 16:44:34
30 Brodhead St,Mazomanie,WI,43.176335,-89.794295,2026-09-09 16:44:06
428 Wall St,Mazomanie,WI,43.172689,-89.798732,2026-09-09 16:38:37
1000 Progressive Ave,Medford,WI,45.122479,-90.360134,2026-09-09 16:43:43
335 S Wisconsin Ave,Medford,WI,45.136409,-90.346868,2026-09-09 16:43:37
N8495 State Road 55,Menasha,WI,44.199389,-88.453108,2026-09-09 16:34:00
N92W14884 Anthony Ave,Menomonee Falls,WI,43.179077,-88.117078,2026-09-09 16:40:24
104 River Rd W,Menomonie,WI,44.876529,-91.927872,2026-09-09 16:39:12
3001 County Road B,Menomonie,WI,44.915665,-91.854660,2026-09-09 16:40:02
8100 County Road K S,Merrill,WI,45.180522,-89.683459,2026-09-09 16:43:02
1845 Deming Way,Middleton,WI,43.095622,-89.523685,2026-09-09 16:45:48
10498 Mayflower Rd,Milladore,WI,44.627309,-89.906082,2026-09-09 16:43:35
1220 E Meinecke St,Milwaukee,WI,43.038648,-87.909075,2026-09-09 16:39:03
138 W Bruce St,Milwaukee,WI,43.025392,-87.912396,2026-09-09 16:41:28
205 S 2nd St,Milwaukee,WI,43.029232,-87.912785,2026-09-09 16:46:55
2826 S Kinnickinnic Ave,Milwaukee,WI,42.993659,-87.892122,2026-09-09 16:44:52
3920 S 27th St,Milwaukee,WI,42.972548,-87.948085,2026-09-09 16:39:42
W3959 County Road D,Mindoro,WI,44.021074,-91.101806,2026-09-09 16:45:11
320 Commerce St,Mineral Point,WI,42.859935,-90.177255,2026-09-09 16:41:40
105 3rd St,Monroe,WI,42.608192,-89.657967,2026-09-09 16:47:56
112 W 8th St,Monroe,WI,43.941676,-90.639726,2026-09-09 16:33:12
245 11th St,Monroe,WI,42.597934,-89.657302,2026-09-09 16:44:10
2903 3rd St N,Monroe,WI,42.613955,-89.623364,2026-09-09 16:42:30
2913 13th St,Monroe,WI,42.599270,-89.623480,2026-09-09 16:38:24
2971 11th Ave,Monroe,WI,42.585061,-89.646094,2026-09-09 16:39:01
461 17th Ave,Monroe,WI,42.608911,-89.639524,2026-09-09 16:43:40
466 17th Ave,Monroe,WI,42.609139,-89.638179,2026-09-09 16:45:27
481 17th Ave,Monroe,WI,42.607930,-89.638600,2026-09-09 16:39:10
657 2nd St,Monroe,WI,42.610208,-89.652617,2026-09-09 16:40:06
704 30th St,Monroe,WI,43.941676,-90.639726,2026-09-09 16:33:15
N4858 County Road N,Monroe,WI,42.681479,-89.660563,2026-09-09 16:39:00
W6805 Deppler Rd,Monroe,WI,43.941676,-90.639726,2026-09-09 16:38:58
W7839 State Road 81 W,Monroe,WI,43.941676,-90.639726,2026-09-09 16:42:21
110 112 Pratt Road,Monticello,WI,42.743353,-89.579611,2026-09-09 16:40:14
114 E Coates Ave,Monticello,WI,42.749039,-89.593438,2026-09-09 16:47:57
520 N Pratt Rd,Monticello,WI,42.751248,-89.580108,2026-09-09 16:40:12
W3075 County Road EE,Monticello,WI,42.740720,-89.515405,2026-09-09 16:46:31
W5198 County Road C,Monticello,WI,42.747345,-89.594322,2026-09-09 16:45:33
204000 County Road DB,Mosinee,WI,44.792767,-89.703075,2026-09-09 16:44:15
625 River Rd,Mosinee,WI,44.791402,-89.694054,2026-09-09 16:39:53
751 Maple Ridge Rd,Mosinee,WI,44.811051,-89.677941,2026-09-09 16:44:12
1160 Industrial Dr,Muscoda,WI,43.186035,-90.429438,2026-09-09 16:46:10
960 Industrial St,Muscoda,WI,43.185350,-90.443049,2026-09-09 16:44:18
,NEW LONDON,WI,44.392758,-88.739825,2026-09-09 16:32:41
590 Enterprise Dr,Neenah,WI,44.151349,-88.482816,2026-09-09 16:41:46
601 S Commercial St,Neenah,WI,44.179890,-88.465084,2026-09-09 16:40:42
22474 52nd St,New Auburn,WI,45.203957,-91.559976,2026-09-09 16:42:20
2770 S 171st St,New Berlin,WI,42.993516,-88.125341,2026-09-09 16:45:25
200 Industrial Dr,New Glarus,WI,42.820748,-89.627497,2026-09-09 16:43:18
211 Leer St,New Lisbon,WI,43.882126,-90.182259,2026-09-09 16:44:03
1005 Orville Dr,New London,WI,44.420660,-88.727320,2026-09-09 16:48:06
10134 Pine River Rd,Newton,WI,44.001189,-87.797989,2026-09-09 16:45:07
,"OOSTBURG, WI.",WI,43.623113,-87.798345,2026-09-09 16:32:34
,OWEN,WI,44.948580,-90.564302,2026-09-09 16:32:29
1730 Executive Dr,Oconomowoc,WI,43.075868,-88.479504,2026-09-09 16:39:22
7989 Arndt Rd,Oconto Falls,WI,44.966328,-88.163837,2026-09-09 16:46:36
621 N Business Park Dr,Oostburg,WI,43.625550,-87.776179,2026-09-09 16:43:52
4647 State Road 138,Oregon,WI,42.925966,-89.384278,2026-09-09 16:47:54
527 State Road 35,Osceola,WI,45.321152,-92.705490,2026-09-09 16:47:02
1110 Industrial Ave,Oshkosh,WI,44.054078,-88.545867,2026-09-09 16:44:46
N45354 County Road E,Osseo,WI,44.577278,-91.222820,2026-09-09 16:45:38
324 N Harding St,Owen,WI,44.949179,-90.568567,2026-09-09 16:42:10
607 W 3rd St,Owen,WI,44.949073,-90.573204,2026-09-09 16:43:53
,PLAIN,WI,43.278878,-90.043735,2026-09-09 16:29:01
,PLATTEVILLE,WI,42.734060,-90.478382,2026-09-09 16:30:12
,PLYMOUTH,WI,43.748641,-87.981229,2026-09-09 16:32:41
,PORTAGE,WI,43.540543,-89.458227,2026-09-09 16:32:08
,PULASKI,WI,44.672216,-88.242603,2026-09-09 16:28:54
915 Alma Ave,Plain,WI,43.279491,-90.045856,2026-09-09 16:46:42
E5904 Mill Rd,Plain,WI,43.281216,-90.024065,2026-09-09 16:38:49
1255 Greenwood Ave,Platteville,WI,42.732503,-90.495188,2026-09-09 16:45:08
1525 Vision Dr,Platteville,WI,42.727098,-90.452368,2026-09-09 16:40:04
1540 Vision Dr,Platteville,WI,42.727592,-90.451885,2026-09-09 16:32:43
2534 Post Rd,Plover,WI,44.459637,-89.543302,2026-09-09 16:42:14
1 Persnickety Pl,Plymouth,WI,43.770795,-88.000572,2026-09-09 16:47:12
12 W Main St,Plymouth,WI,43.748624,-87.981543,2026-09-09 16:46:08
2 E Main St,Plymouth,WI,43.748613,-87.981217,2026-09-09 16:46:04
2602 County Road PP,Plymouth,WI,43.732767,-87.949487,2026-09-09 16:41:22
411 County Road PP,Plymouth,WI,43.731437,-87.976126,2026-09-09 16:43:50
W4200 County Road PP,Plymouth,WI,43.748605,-87.977038,2026-09-09 16:46:02
125 W Grand Ave,Port Washington,WI,43.388554,-87.869285,2026-09-09 16:33:19
820 Lake Dr,Port Washington,WI,43.441997,-87.828762,2026-09-09 16:38:16
110 E Oneida St,Portage,WI,43.546422,-89.464545,2026-09-09 16:38:40
301 Brook St,Portage,WI,43.540543,-89.458227,2026-09-09 16:33:39
4348 Brookside Dr,Pulaski,WI,44.672216,-88.242603,2026-09-09 16:38:12
7700 N Brown County Line Rd,Pulaski,WI,44.672216,-88.242603,2026-09-09 16:34:06
,REEDSBURG,WI,43.532523,-90.008060,2026-09-09 16:29:19
,RICHLAND CENTER,WI,43.335530,-90.385414,2026-09-09 16:30:55
,RUBICON,WI,43.326617,-88.481767,2026-09-09 16:36:47
,RUDOLPH,WI,44.496119,-89.802441,2026-09-09 16:29:07
1120 Commercial Ave,Reedsburg,WI,43.527812,-89.992168,2026-09-09 16:45:57
501 S Pine St,Reedsburg,WI,43.528316,-90.003732,2026-09-09 16:40:30
522 Greenway Ct,Reedsburg,WI,43.532523,-90.008060,2026-09-09 16:45:51
430 N Main St,Reeseville,WI,43.308868,-88.840502,2026-09-09 16:46:33
142 E Hazeltine St,Richland Center,WI,43.333502,-90.370911,2026-09-09 16:47:36
2101 Bohmann Dr,Richland Center,WI,43.335530,-90.385414,2026-09-09 16:46:14
684 S Church St,Richland Center,WI,43.330273,-90.384389,2026-09-09 16:40:28
920 Sextonville Rd,Richland Center,WI,43.327919,-90.383921,2026-09-09 16:46:19
410 S 3rd St,River Falls,WI,44.852216,-92.621493,2026-09-09 16:47:27
N5722 County Road C,Rosendale,WI,43.808020,-88.674771,2026-09-09 16:47:43
10202 Foremost Drive,Rothschild,WI,44.866269,-89.640316,2026-09-09 16:42:06
W1234 Rome Rd,Rubicon,WI,43.340488,-88.457554,2026-09-09 16:41:01
6888 State Road 34,Rudolph,WI,44.496119,-89.802441,2026-09-09 16:39:33
,SHULLSBURG,WI,42.572498,-90.232682,2026-09-09 16:37:27
,SPARTA,WI,43.973247,-90.851656,2026-09-09 16:29:04
,SPENCER,WI,44.757488,-90.298707,2026-09-09 16:32:30
,ST. CLOUD,WI,43.822770,-88.167043,2026-09-09 16:37:18
,STANLEY,WI,44.960129,-90.937500,2026-09-09 16:36:55
N5279 County Road G,Saint Cloud,WI,43.822770,-88.167043,2026-09-09 16:47:11
807 Phillips Blvd,Sauk City,WI,43.271148,-89.736540,2026-09-09 16:38:46
400 N Dekora Woods Blvd,Saukville,WI,43.390546,-87.953149,2026-09-09 16:41:55
124 E Bronson Rd,Seymour,WI,44.522253,-88.328466,2026-09-09 16:40:09
N3473 Wisconsin Ave,Shawano,WI,44.529198,-88.059329,2026-09-09 16:38:19
W2663 County Road OO,Sheboygan Falls,WI,43.652019,-87.827762,2026-09-09 16:40:47
N3481 E County Road A,Sheboygan Fls,WI,43.728892,-87.811410,2026-09-09 16:41:37
1606 Erie Ave,Sheboygan,WI,43.756297,-87.726507,2026-09-09 16:44:36
4036 Weeden Creek Rd,Sheboygan,WI,43.703016,-87.762565,2026-09-09 16:38:33
4811 Venture Dr,Sheboygan,WI,43.797780,-87.771181,2026-09-09 16:44:04
110 Miner Way,Shullsburg,WI,42.571618,-90.244245,2026-09-09 16:47:46
15982 Highway 11,Shullsburg,WI,42.579986,-90.230980,2026-09-09 16:45:30
15982 State Road 11,Shullsburg,WI,42.572498,-90.232682,2026-09-09 16:45:31
208 W Water St,Shullsburg,WI,42.572367,-90.232873,2026-09-09 16:45:12
10653 N Bayshore Dr,Sister Bay,WI,45.188310,-87.122080,2026-09-09 16:39:44
11051 State HWY 42,Sister Bay,WI,45.188310,-87.122080,2026-09-09 16:39:46
6519 Larson Rd,South Wayne,WI,42.568896,-89.879845,2026-09-09 16:37:48
N6853 State Road 78,South Wayne,WI,42.568896,-89.879845,2026-09-09 16:48:10
400 Century Crt,Sparta,WI,43.942197,-90.792095,2026-09-09 16:41:42
427 E Wisconsin St,Sparta,WI,43.940311,-90.805222,2026-09-09 16:44:09
915 Hoeschler Dr,Sparta,WI,43.934659,-90.822331,2026-09-09 16:41:43
920 Industrial Dr,Sparta,WI,43.935985,-90.828061,2026-09-09 16:41:45
306 Park St,Spencer,WI,44.754429,-90.296021,2026-09-09 16:43:08
W11299 Broek Rd,Stanley,WI,44.960129,-90.937500,2026-09-09 16:43:03
3201 Business Park Dr,Stevens Point,WI,44.505020,-89.515352,2026-09-09 16:45:09
5700 Em Copps Dr,Stevens Point,WI,44.523447,-89.584446,2026-09-09 16:43:16
5796 Porter Drive,Stevens Point,WI,44.523447,-89.584446,2026-09-09 16:40:21
1800 Williams Dr,Stoughton,WI,42.946273,-89.220970,2026-09-09 16:40:07
2189 County Road DK,Sturgeon Bay,WI,44.776046,-87.510937,2026-09-09 16:45:19
1510 S Sylvania Ave Ste 205,Sturtevant,WI,42.698075,-87.894523,2026-09-09 16:37:46
109 S Thompson Rd,Sun Prairie,WI,43.174900,-89.254236,2026-09-09 16:47:41
301 Broadway Dr,Sun Prairie,WI,43.182311,-89.242205,2026-09-09 16:46:22
1423 N 8th St,Superior,WI,46.729169,-92.098303,2026-09-09 16:39:18
,THORP,WI,44.961086,-90.800320,2026-09-09 16:30:04
,TURTLE LAKE,WI,45.393800,-92.142301,2026-09-09 16:37:00
214 W Henni St,Theresa,WI,43.517437,-88.453158,2026-09-09 16:47:49
200 W Liberty Dr,Thorp,WI,44.947170,-90.801796,2026-09-09 16:41:34
505 N Adams St,Thorp,WI,44.963809,-90.805624,2026-09-09 16:40:10
N15681 Tieman Ave,Thorp,WI,44.961086,-90.800320,2026-09-09 16:39:52
2001 Haven Dr,Tomah,WI,43.978576,-90.504021,2026-09-09 16:44:01
458 Western Blvd,Turtle Lake,WI,45.391573,-92.161177,2026-09-09 16:43:05
461 Western Blvd,Turtle Lake,WI,45.392074,-92.161408,2026-09-09 16:48:03
18320 Old Yorkville Rd,Union Grove,WI,42.687654,-88.051838,2026-09-09 16:46:30
6574 Ryland Ave,Vesper,WI,44.483419,-89.966731,2026-09-09 16:42:11
,WAUPUN,WI,43.633103,-88.734887,2026-09-09 16:30:45
,WAUSAU,WI,44.959786,-89.627279,2026-09-09 16:32:24
,WEYAUWEGA,WI,44.321458,-88.934036,2026-09-09 16:36:34
,WHITEHALL,WI,44.367461,-91.316548,2026-09-09 16:32:35
,WILSON,WI,44.953431,-92.173789,2026-09-09 16:28:55
,WYOCENA,WI,43.495891,-89.309195,2026-09-09 16:36:49
W4854 Stateline Rd,Walworth,WI,42.671151,-88.546772,2026-09-09 16:45:46
30455 Nevers Rd,Washburn,WI,46.651598,-90.937555,2026-09-09 16:45:03
100 S Jefferson St,Waterford,WI,42.763467,-88.216290,2026-09-09 16:47:20
410 Portland Rd,Waterloo,WI,43.187455,-88.977722,2026-09-09 16:43:19
W11555 Torpy Rd,Waterloo,WI,43.183884,-88.988442,2026-09-09 16:39:20
1173 N 4th St,Watertown,WI,43.205892,-88.708603,2026-09-09 16:42:24
212 W Main St,Watertown,WI,43.194702,-88.726723,2026-09-09 16:42:03
2101 Delafield St,Waukesha,WI,43.031397,-88.242359,2026-09-09 16:43:14
504 Barnes Ave,Waupun,WI,43.633216,-88.729635,2026-09-09 16:47:59
900 S Madison St,Waupun,WI,43.620780,-88.737501,2026-09-09 16:46:37
N3545 County Road EE,Waupun,WI,43.633216,-88.729635,2026-09-09 16:45:54
1007 Townline Rd,Wausau,WI,44.944194,-89.612765,2026-09-09 16:43:00
9912 Innovation Way,Wausau,WI,44.963937,-89.763319,2026-09-09 16:41:19
975 E Main St,Wautoma,WI,44.069042,-89.270344,2026-09-09 16:46:40
2500 S River Rd,West Bend,WI,43.398111,-88.161083,2026-09-09 16:41:39
807 Pleasant Valley Rd,West Bend,WI,43.425278,-88.183428,2026-09-09 16:46:16
615 N Main St,Westby,WI,43.658995,-90.856775,2026-09-09 16:47:37
S1597 Hanson Rd,Westby,WI,43.652840,-90.857609,2026-09-09 16:41:26
S2244 Langaard Lane,Westby,WI,43.652840,-90.857609,2026-09-09 16:33:55
9902 Weston Ave,Weston,WI,44.887431,-89.498261,2026-09-09 16:39:16
105 E Third Ave,Weyauwega,WI,44.321458,-88.934036,2026-09-09 16:37:44
113 W Wisconsin St,Weyauwega,WI,44.322177,-88.934490,2026-09-09 16:47:45
508 N Mill St,Weyauwega,WI,44.326015,-88.933923,2026-09-09 16:46:57
17201 Specialty Way,Whitehall,WI,44.367461,-91.316548,2026-09-09 16:44:39
36120 Owen St,Whitehall,WI,44.364596,-91.310778,2026-09-09 16:44:43
126 State Road 128,Wilson,WI,44.953431,-92.173789,2026-09-09 16:38:28
4494 Lake Cir,Windsor,WI,43.196314,-89.343607,2026-09-09 16:44:13
420 Broadway,Wisconsin Dells,WI,43.627440,-89.771225,2026-09-09 16:38:39
2321 Engel Rd,Wisconsin Rapids,WI,44.409145,-89.852930,2026-09-09 16:48:07
672 230th St,Woodville,WI,44.952983,-92.291560,2026-09-09 16:41:32
181 W Monroe St,Wyocena,WI,43.497146,-89.315534,2026-09-09 16:41:05
